code,alpha_value,alpha_p.value,beta_value,beta_p.value
stock100000,-0.09815365117130524,0.0010739337473413331,-0.4379361955052851,0.14793448993529823
stock100001,-0.4360158455578728,0.11192650804166146,-3.9824254187975434,0.2582247093073604
stock100003,0.1710351888610355,0.0020981761803312605,-1.2128833557671357,0.04953314060508587
stock100008,0.02101682705890545,0.5508874006827883,-1.6231831988839167,0.005848935048116763
stock100009,0.167598023424249,1.351615150677467e-6,-0.9342466733676247,0.0011281168660811048
stock100016,-0.20991223770032277,1.663214272781959e-4,-1.7082145979500487,0.004480045115227573
stock100026,-0.43998759973708984,2.0608663749612365e-11,-1.0009830920756715,8.246349437622568e-5
stock100028,-0.13499044199025712,3.5793740613869354e-4,-1.9342358611129336,2.125244498940288e-4
stock100034,0.023644067730310726,0.7415236729339422,-2.3986056915608205,0.029298430872318128
stock100035,-0.1652180244667016,5.036811810036807e-10,-0.599289489026668,3.5458127560505505e-5
stock100036,-0.06479331215267305,0.0029454776419530746,-1.0957936344839136,6.284557858608723e-4
stock100040,0.09496303639943628,1.5122669467249148e-6,-1.0148329543178967,9.510839787404517e-6
stock100041,-0.431706792504279,1.926162353487598e-15,-0.019903401715584516,0.7091167582019242
stock100043,-0.18557143379685803,7.339663680524314e-6,-1.4756172695301704,3.966384265206921e-4
stock100046,0.027426717869527325,0.11396728856769142,-0.5983357390192384,0.018659281323345878
stock100053,-0.007159836395469352,0.3159741596204875,-0.1262316457016117,0.1938667937901034
stock100057,-0.15005300127717966,0.011301765640071912,-0.05551360608017087,0.9317617820669845
stock100058,0.18524453560669196,1.165175230917502e-139,-4.868603669680316e-16,0.19734436675689784
stock100061,0.13584672674757547,0.017553038672384044,-0.6167116750425259,0.3490225274710985
stock100065,0.10531758731634566,4.957494750127393e-4,-0.7218108208819153,0.023500137905410223
stock100066,0.3950447733894991,1.9416051196728753e-5,-0.2883411874872288,0.666719310718758
stock100067,-0.13925514462863625,2.478763147266341e-6,-1.3131761160454392,4.146113369368542e-5
stock100068,-0.20698603014123465,1.0875727856606358e-11,-0.8270191701528332,4.5700299855837703e-7
stock100070,0.1614615923742787,1.1765224755244625e-5,-1.0896214659491925,0.0017725459969455627
stock100075,-0.5242589012895168,5.959269205633568e-10,0.027695539206147108,0.9165645712693112
stock100082,0.08888284443815711,0.00405523806380115,-0.9796917912427384,0.011505375445836068
stock100087,0.016457410027051513,0.7382613077560991,-0.9551445108978721,0.16778870905641852
stock100088,0.13241620527957174,1.3906048664032066e-4,-0.25245737210991515,0.390315623495748
stock100090,0.14204061063381063,1.6715233074557157e-5,-1.1381666047619092,7.604550785392268e-4
stock100095,-0.05257470105842666,0.012194354628885623,-0.5382662718441416,0.039864700375960654
stock100096,0.15233573900072006,2.907859885791981e-7,-0.5860962949931391,0.0037345802271562534
stock100108,-0.1715620088649688,4.378298464659143e-8,-0.8227331589851348,1.9912575470345135e-4
stock100112,-0.21536941693964784,7.85830599049759e-6,-0.9128516312954396,0.01788147368003703
stock100119,0.13188210754921578,0.08051631175352336,0.7176163104851433,0.4424469304802897
stock100122,0.37361357515111077,6.427911888054888e-4,-1.540769370280525,0.14896930119679688
stock100131,-0.03801988767653687,0.4446581921946321,-0.15427107184688488,0.8132554145444235
stock100135,0.05400367845582443,3.347165794211789e-5,-1.0580447404725528,1.4267033264263075e-6
stock100138,0.03566418047837088,0.3684404785838742,-0.2897628776753954,0.5781095995899063
stock100142,0.0797824156299504,0.2563014126055557,-0.2813433631161026,0.7558382406046589
stock100144,0.08294051857788891,0.0011588477015525734,-0.8042908930077202,0.007864681806248245
stock100145,-0.20466003408034988,3.4965253368396745e-7,-0.7181574649616536,0.00712426778416042
stock100150,-0.38013505911621015,5.480458645387216e-10,-0.7631699377494793,0.002547271739919058
stock100155,-0.37441582711807314,1.0521530517965716e-10,-0.07063043144038345,0.6513882230590848
stock100156,-0.2917458579072836,4.2317456098545456e-7,-0.7703154097095475,0.031264600066326226
stock100159,0.2555712540665705,2.850780325218484e-7,-0.5170125517535912,0.07124276191800744
stock100165,-0.0676482042664423,0.03830047218915979,-1.4081090862442893,0.004311973506994648
stock100169,0.17503003939935152,3.517500198732363e-6,-0.9961445178234191,0.0020585094278073642
stock100170,0.261817353430436,2.0026055163200885e-5,0.3097934058133905,0.4904615778290946
stock100171,0.04752103350700485,0.054284387684690294,-0.9728183945186647,0.007925350703346615
stock100174,-0.6403014909864548,2.4315230225595297e-14,0.13522577215462017,0.21606268659928823
stock100178,0.5178932392044863,2.9119998402719982e-5,1.4983162126688632,0.1278520711575077
stock100185,0.15503119434631557,1.3130439142797502e-5,-1.3584720392724197,3.300094510131257e-4
stock100192,0.0719648492319851,0.006754034036047097,-0.2921964794607067,0.3146453143505806
stock100196,-0.0678851320210001,0.0306780910543144,-0.9099802171048054,0.029998388769569
stock100198,0.08192046016852794,0.013882536078261972,-0.878862663620237,0.03670734456860857
stock100209,0.006333788703921888,0.8605737836495694,-0.23600613177500232,0.6256268508097006
stock100214,0.09321578241528101,0.06499437961314482,-0.3978880139063511,0.5180680071781609
stock100222,-0.028216297976321046,0.04696163652252475,-0.25929792606614543,0.14730858132330868
stock100225,0.5927123446490652,9.829270441547842e-5,-1.853182775884633,0.15563038652701622
stock100229,-0.4731624750476752,7.210158831914454e-4,-3.046975982783417,0.03838866711629798
stock100230,0.04356017891688063,0.004913133272284356,-0.7566772398905461,9.448822002588589e-4
stock100233,-0.08281707533618048,0.0022575544909219456,-1.1326065846701805,0.0019253029175541284
stock100235,0.16049969946904888,3.7295444010286343e-5,-0.34736690390012226,0.2549684805310447
stock100240,-0.1180298394650113,0.5519360590601214,0.43653401161618155,0.8676989818682721
stock100245,-0.1837420518708959,3.6111773731545338e-6,-0.08840077549877813,0.7268387003981105
stock100247,-0.11872435537029548,0.011976144637085247,-1.2417975487232051,0.03608716851188286
stock100248,-0.17794570607994015,0.07628404659210287,-0.4753631015645932,0.6976750515162284
stock100255,0.012560369010481291,0.5427236420890384,0.24981977631407482,0.3699853834456234
stock100261,-0.8355969238965162,4.7995003572273525e-4,-7.302027571936618,0.0068544363941096835
stock100264,-0.25110732571601985,6.27624238787968e-7,-0.704978474607727,0.02931048817702344
stock100269,0.00518662517603179,0.5114261862272623,-0.15996336780427606,0.14827355158531405
stock100273,-0.01316980655399202,0.2840671212519149,-0.2150150854936608,0.1965432404316712
stock100276,0.38790971281172004,3.3593431466798204e-6,0.1512438760564778,0.7749517834926134
stock100278,0.14030665552894986,1.4774440192529007e-6,-0.6661243405882656,0.003320380688816108
stock100284,0.2330547278254134,0.001061836344639923,0.6814866552716612,0.3258731352807018
stock100287,-0.07443006049505375,1.1468215693981433e-4,-0.7233674713523164,0.0010892192871125
stock100293,-0.16305112852625278,3.458512221294127e-5,-1.0647174572033742,0.0048923093866070555
stock100294,-0.054745875412317756,0.0018819162527688093,-1.262695286126244,3.674941616273462e-5
stock100300,0.02935956680768928,0.030932145531000425,-1.220023000725921,2.296456706775834e-5
stock100303,-0.028586135947642286,0.8182559442407566,-0.6739293294864248,0.6854920375929953
stock100304,-0.19568787453006667,1.1595469981537818e-4,-1.6096954203379221,0.0031623090078216243
stock100305,-0.047930483203535275,0.3105504532507717,-0.24775698630013254,0.6867555083243035
stock100310,-0,NaN,-0,NaN
stock100316,-0.04802073477209779,0.10797533882301422,0.05096735650056795,0.890160692999832
stock100320,0.11437515675751118,7.837155952263317e-6,-1.1759152423432562,6.236969860028012e-5
stock100325,-0.4251469067949231,4.850624021499704e-8,-0.5942945518048405,0.11722087525168494
stock100330,-0.1717036680578611,6.297928629626784e-5,-0.598727637135971,0.10023444101210076
stock100333,0.05678167263906895,0.02557133634979506,-0.19017637366603543,0.5190789331892638
stock100336,-0,NaN,-0,NaN
stock100339,-0.091148199835415,5.16111276007857e-5,-0.8731181910913195,5.930805710266888e-4
stock100341,-0.2991235932097347,6.112411513373313e-5,-0.7275299747039479,0.23170033870453502
stock100342,0.006992502335678115,0.45326033255289955,-0.002258072094721288,0.9852678760397942
stock100344,-0.06822005679551055,0.010834006030017272,-0.9029557861247386,0.01124948206395704
stock100350,-0.1419837790976035,0.0015708955506516433,-1.0376121312479598,0.036998504000547265
stock100352,-0.06275485663894834,9.80143579512385e-5,-0.6414125145854206,6.738912191935e-4
stock100354,-0.3014323414237056,1.4413495113238633e-6,-1.427955920922283,0.003305753877026412
stock100356,0.016359144541905835,0.1621516929327113,-0.776084603590974,4.229949117485779e-4
stock100361,-0.030281751997949774,0.5452696226418885,-0.11555472942757357,0.8612286682012493
stock100371,-2.590439119192899e-4,0.994656928518673,-0.7729871104361383,0.1577538348444971
stock100378,0.010511652589949148,0.8448598502158866,-1.7817983134444202,0.030665616501725137
stock100379,-0.12586589526453795,0.03411482764322077,-0.9485065866764822,0.19204005319396047
stock100381,-0.05013127405299587,0.22894556535420993,0.2798555983714358,0.6020195033521614
stock100385,-0.06916096339112834,0.3833966681945258,0.5852100199341908,0.5751761983781898
stock100386,0.0657254096630506,4.781805953961309e-4,-0.4834652875444303,0.016557382405454
stock100387,-0.36872154193476087,1.4534369962631238e-5,-0.4284251260188503,0.48127873042598956
stock100389,0.20479174599299474,5.412201322459543e-4,-1.3987761713522342,0.025222018135739547
stock100397,0.17841283248613804,2.5215938067948425e-5,-0.9670417836740373,0.010842174064078976
stock100402,0.34832982498737575,2.477844081662299e-10,-0.1122667394503609,0.48666595013164304
stock100405,0.052187168104957556,0.022543311897410927,-1.0715164076909514,0.00220042056209711
stock100416,0.10430660230709939,9.764195885197729e-4,-1.8084803923672241,1.5160928461307533e-4
stock100418,-0.09143350958453293,1.2992216863619215e-4,-1.2907158148833116,8.431569029103174e-5
stock100429,-0.4058672152377956,2.2663164959135698e-13,-0.27530804303371464,0.008748776867242772
stock100431,-0.6505242033098488,2.11613970244327e-15,-0.07614753576272493,0.35855331173609095
stock100433,0.6727153038919372,3.8011130971062254e-7,0.8699778947560978,0.23798050912917035
stock100434,-0.2298155139643876,2.4743870803596378e-8,-0.9066970680277789,5.067373243216516e-4
stock100437,0.01581864169867206,0.3674888572943822,-1.1728332158833434,5.097770658886813e-4
stock100438,0.08540596570177868,8.651979268000241e-5,-0.9132160406374622,4.391674868402598e-4
stock100440,-0.5045798365346256,5.597742012876547e-8,-0.16880159730282657,0.6928898767995739
stock100442,-0.015748154884611232,0.7585676997380232,-1.138556497623007,0.11989205521662523
stock100449,-0.12414200190420058,1.85339500547722e-5,-1.59014559501712,2.5543080531314638e-5
stock100450,-0.5618200951873422,4.84364869969278e-14,-0.5185015012921244,4.4139965834276115e-4
stock100453,-0.17186180335894582,1.913350536978037e-6,-1.1476921647916507,4.3445501820874385e-4
stock100454,0.1111844268270173,0.03239037580045776,-2.1546786106313798,0.0051316165096471555
stock100458,-0.023300380151824604,0.11641672689481433,-1.745416730787875,4.3856242614763025e-6
stock100461,0.01498229606334765,0.29569058078709953,-1.364818046087426,3.3790972353993824e-5
stock100467,-0.05830615445464475,0.004576463936933218,-0.9993597484477936,9.515707330514012e-4
stock100473,-0.02948547350427544,0.0924620910158074,-0.9982241175863881,0.0010021891413204789
stock100474,0.13167258722856498,8.329139456300287e-6,-0.22763469078906284,0.2718774233219328
stock100478,0.11348713761247362,0.18531371711392558,-0.1341655136805854,0.9016033107524621
stock100481,-0.14218003466679727,1.7222320348055247e-6,-0.9204200536642004,4.95107499783606e-4
stock100488,-0.08924627467025202,0.03927782105971564,-0.367097650274228,0.47623766569604364
stock100492,0.005769072160286776,0.8857529280071863,0.28997114586121253,0.590986465459167
stock100494,0.09926884357266857,0.005052984719858094,-0.49213148090247616,0.20409257569963435
stock100502,0.01127121611176923,0.13382132402788777,-0.38499876297159596,0.002236133752113265
stock100504,0.018600914070387158,0.13275997612045273,0.028540623782476248,0.8533748084984709
stock100505,0.10755470124098891,1.81694322078581e-6,-0.4513606696551614,0.0077158934035561795
stock100510,0.042340373920433876,0.008546205250935988,-0.7673137918721905,0.0013841034412558127
stock100512,-0.3098135346739544,3.0605678705674715e-7,-1.5352070693755369,7.73162645192349e-4
stock100516,-0.12157175445541987,8.81912118137094e-4,-2.17606651143813,1.064676324107478e-4
stock100520,0.19492209144264633,2.431902954729522e-7,-1.8338861810644809,4.665767750154666e-6
stock100522,-0.4728995062539302,1.5137702218143218e-13,-0.5204427545390953,3.1079017551839905e-4
stock100526,0.2153058338020461,0.0016520663784958857,0.4105034495659327,0.5423784947298242
stock100530,0.09510138884022451,0.0014051728790526188,-0.9741529280609277,0.006850982176736109
stock100534,0.10687973803904163,3.650997226324017e-6,-1.0574376204863905,4.0937552141069015e-5
stock100536,-0.11134180105770589,6.23011070060497e-6,-0.8022343743272401,6.868540671052976e-4
stock100537,-0.11845994915884378,0.0017253690194781852,-0.11000829414325516,0.7663353510956917
stock100538,0.06570325407135401,8.547084193057936e-4,-1.4190218477408285,2.3810822163640154e-5
stock100539,0.02633481670949533,0.08688525404088099,-0.4398964817065644,0.03945098152097953
stock100542,-0.05366933431289926,5.717120253736652e-5,-0.4630853739434152,0.0013102134524250817
stock100555,-0.03507885626172169,0.1036038328080265,-1.0107018680619964,0.0035489660446671283
stock100559,0.14436150884424084,0.02658694249001772,-0.8033133913498745,0.2978723390677818
stock100562,0.24170004691350055,2.701257274708698e-6,-0.7551134465366156,0.038396977748661465
stock100563,-0.2381086849893247,9.788078580824092e-5,-0.91078027854234,0.09033474967732862
stock100568,0.23480472605440023,1.1297852672663925e-8,-0.6767807214898394,0.002247725708941236
stock100571,-0.04218708936937646,0.007722350826063737,-1.3557296232986393,1.7740097362797017e-5
stock100576,0.09084149595673961,0.007362892501764033,-1.3359508406532048,0.0042381798154837455
stock100587,-0.02534104365319243,0.2022030760762275,-1.0465067902451648,0.0021092967459252444
stock100593,0.11791010824931215,1.4913541789781209e-4,-1.7549856381309001,6.466679782473974e-5
stock100600,0.06690095020327201,5.421287769006122e-4,-0.860097513011311,6.973978632939357e-4
stock100602,0.4813610922332461,1.7594685016457918e-8,-1.4891112254293382,0.0019778736611852496
stock100605,0.48837326026408556,8.093663138476451e-9,-1.1932393979984748,0.004823041231901874
stock100610,-0.08380502220099871,0.010850578857506591,-0.8400659487359866,0.03957891737412943
stock100612,0.2747124797431358,2.3933620972246056e-5,-2.3175349374378476,7.26647617048525e-4
stock100614,0.2393744835049777,8.627385434382716e-5,0.5338373018246076,0.28992492652920454
stock100618,-0.12491769619226913,0.1335857543688317,-1.4773452526650939,0.17763869534769078
stock100621,0.43096912980471547,5.858991852500042e-6,-0.9661425415436399,0.1476160665870003
stock100623,0.008226040038273288,0.8937265309520204,-0.03959999590310041,0.9615142302903031
stock100632,0.12376981989744669,0.007546050977992893,-1.6064348984008374,0.008718942092533946
stock100633,0.09122886466861854,0.17386088271833872,0.06025237811741355,0.9432890552582949
stock100638,0.13823560154163925,0.01319314332359056,-1.3577922272963392,0.049600164872332535
stock100645,0.08323294076174116,5.467089685209226e-4,-0.8659873819471627,0.0027750021269778145
stock100646,-0.00058662917208049305,0.9753256550859319,-0.22186550176322478,0.3905584700929656
stock100647,0.039883463862240606,7.916061125209063e-5,-0.581171155931412,3.97459797637434e-5
stock100648,0.2584827467504594,1.9094564255742476e-5,-2.0600453575873954,8.824932245955031e-4
stock100659,0.16814308393630922,3.410629381127209e-6,-0.44518478000887673,0.07690198382188788
stock100664,-0.0784849628676721,1.9314635847628507e-6,-0.9519075116748552,4.2617918441200695e-6
stock100666,0.551816703402009,6.935597767352504e-8,0.5592508091431592,0.25867788397119545
stock100667,-0.03012835212371303,0.26131325527280935,-1.470985621910899,0.0017487811802879146
stock100668,0.11004466387264408,1.7957617882881482e-4,-1.4426442893545082,2.0348397099188698e-4
stock100670,0.11955169059318554,1.600867860263474e-8,0.2645090806147796,0.012483384935992005
stock100671,0.13404392433905243,1.3443929478466233e-5,-1.4350505102548763,7.606947603085696e-5
stock100672,0.10183908283252081,4.661765723598911e-5,-0.3579893988826056,0.0871428433582453
stock100673,-0.20276310090305485,6.152628425518208e-7,-1.5117249549573721,7.156348585841442e-5
stock100674,0.8433103513259778,5.9216707831711625e-6,-1.3659263518849118,0.2824907142487053
stock100677,-0.16519518375132272,0.03970469734912064,-0.881448082050028,0.36136722932149845
stock100679,-0.17344966907807322,0.3442309931962191,-1.2241538349971866,0.6100020435719059
stock100686,-0.1345775238609445,0.0011422431091361804,-1.3303741791349508,0.007000809392957504
stock100693,0.040255374517081846,0.04545074276315685,-0.9017487808545108,0.0036280032815536253
stock100715,-0.003531150283954812,0.8013438117859127,-0.6413441687953164,0.006412497022837592
stock100719,0.4636008201559396,2.5258505858712596e-5,-2.3009727825200805,0.01678394019555565
stock100720,-0.19885582099970203,3.587786411434523e-5,-1.8398224777557626,5.4680646756807e-4
stock100730,0.05416831127752635,0.005047163886675946,-1.1913714244816411,1.845145387872769e-4
stock100733,-0.0564025675664197,0.003152954301227999,-0.06549287615372468,0.7361600532745123
stock100739,0.054929384054600364,4.4412808299506765e-4,-1.6728965031973566,6.28120244283354e-7
stock100748,-0.04825522863817723,0.034650333193754525,-1.1692892873296203,0.0014513706672821588
stock100749,0.369724875837558,3.4923659396436886e-8,-0.9588090304741367,0.008699298403756188
stock100751,-0.2071558382237722,0.0050410193768762575,-2.907990598162785,0.003737345589002702
stock100752,-0.36648398366402785,1.585517015123186e-7,-1.1428064115359395,0.008217570683905185
stock100761,0.001625532108558578,0.9627750738706475,-0.003342756403570388,0.9942564943210253
stock100768,0.035253228073613654,0.34028445645496963,-1.1412634011927179,0.03707704407624704
stock100774,0.04452852799975803,0.35274762520080105,-0.5837268491591835,0.3605241379981584
stock100777,0.02910400061093711,0.5862416162125563,0.14132978834608392,0.8417028654629684
stock100790,0.05184368354797679,0.08057083010844078,-0.18764730340165472,0.6060857851989984
stock100793,0.1370739161240654,0.00501977625481699,0.9875182225738208,0.07752280062833301
stock100797,-0.07368853985422365,0.011562176861213542,-0.6731478853592731,0.05863398004649756
stock100800,-0.06362936685865395,0.5560929574791875,-2.7138263358690535,0.0822313100847632
stock100801,0.285172205390438,7.221173608195723e-6,-1.2964578452041224,0.012082403052499115
stock100804,0.07120117159274673,3.3987896888402986e-4,-0.2655473656827048,0.15254884606615698
stock100808,-0.18208666455183856,7.158143813397482e-5,-1.0398332526008827,0.016213360153028485
stock100812,0.17112858209216245,0.0025263773535209094,-0.45713819473237227,0.4284479918036005
stock100827,-0.31080007594310394,1.1002900539352249e-9,-1.633863506812423,3.5569283943473336e-6
stock100832,-0.5750147007707509,1.0548866981643387e-12,-0.41359621775691835,0.01548710210725715
stock100834,-0.009857469460065833,0.19983322984525892,-0.1581757415973068,0.1302515063716747
stock100835,0.2002033830261293,2.4427543762999866e-5,-0.39402173659637024,0.2734505795069216
stock100846,0.13948412778073244,7.334477416142112e-6,-1.2846849793597162,1.355472863088672e-4
stock100849,-0.13617954943398747,9.363407324067694e-8,-0.8816484639527823,3.9288264179687173e-5
stock100852,-0.0491506823339741,0.29386979297187554,-1.7719294492213358,0.014624919062042463
stock100865,-0.23522305765082216,0.015224477316171223,-0.4326242676544223,0.6897648423723644
stock100868,-0.019014946475912585,0.5696506989849854,-1.6196239431667716,0.004419676130305654
stock100869,-0.11946525723175494,2.9228962487797214e-7,-1.2029083721112919,3.1688350799621764e-6
stock100871,-0.2871311122379071,1.9209208620634106e-7,-1.0713524542566826,0.003367470751772475
stock100876,0.13663728324865784,2.0012854097759576e-5,-0.8576399530387181,0.004129447726260409
stock100883,0.037759002860444,0.08166779187401513,-1.1449576005706703,0.0015841915363286035
stock100884,0.14357238067410885,0.0013589610713370523,-0.5266815568166703,0.24087737614464236
stock100887,0.11884925046330382,0.03578708044085845,-0.612364432256493,0.3654621142334523
stock100891,0.05567180445774869,0.05390341727023567,-0.08386660794481661,0.8079143667938374
stock100892,-0.21663758347564538,3.111532436931001e-8,-1.0534682467023713,1.343466577545207e-4
stock100893,0.30437299904216036,4.1304195520792424e-5,0.045890966591697877,0.9351989880054303
stock100901,-0.2109597247317102,1.2692937537170582e-5,-0.4603953747063884,0.19413869144145124
stock100905,-0.2406417225158824,1.4638528075317542e-8,-1.2940504847543732,3.190090465256341e-5
stock100909,-0.1366772572921948,4.289545064863026e-6,-0.7127904599667727,0.0040471091257567775
stock100916,0.09691432995102575,0.1633712503562091,-0.20144873202941604,0.8182491859367178
stock100920,0.06442459487369312,0.38712342149234313,-0.9344138966906903,0.34868108396791175
stock100923,-0.6601470346149173,1.5030039904988483e-11,-0.2152244925681969,0.34165567255196805
stock100931,-0.34825281493387383,3.999477001973703e-11,-1.1762109205670035,6.394290869735573e-6
stock100933,-0.023981559007126133,0.30343477065991176,-0.447691678658921,0.16083497639731278
stock100946,-0.15551915624177387,0.013460323493692082,-0.7229697157790876,0.31305325803663836
stock100951,0.005526799870668332,0.5335545195767522,-1.0361017320519945,7.785638756466436e-6
stock100956,0.004300955894943889,0.9048964131570756,-0.40460069614283223,0.40845747905340246
stock100957,-0.5621952117074378,1.5970655431703834e-11,-0.8019714070342242,0.0018160510012164366
stock100965,0.12697657452757066,1.0777141099842543e-6,-1.351506886880667,7.0817754015242225e-6
stock100967,-0.20913203134871694,2.0854326223006756e-8,-0.8561225075601935,3.3992859009031816e-4
stock100970,0.2701627222288308,3.4443125672246086e-9,-1.2895197198472124,2.2369376442869022e-5
stock100971,-0.03677247147432415,0.7896068315436866,0.6867599534002512,0.7091564321206241
stock100973,0.05564269851094875,0.2239641805301357,0.24741851001539847,0.6734490137877002
stock100975,0.05256701467199374,1.3635956092187399e-4,-0.9937056972114617,8.761193265943986e-6
stock100985,-0.3331104824631608,2.7270181849624195e-4,0.17090753862230917,0.8295295364084474
stock100987,-0.34582362182926574,1.1243255658965334e-8,-0.19201714212182042,0.43724867956850244
stock100991,0.39120263146087936,2.9177858448128868e-5,-0.12739891632296135,0.8544949314938988
stock100996,-0.00646386085931975,0.317503720559648,-0.6342166045987399,2.742789240119466e-5
stock101007,0.21357364911567192,3.0908364336726854e-5,-1.0121443845843363,0.023358790072359532
stock101012,-0.003398351672176984,0.7498184548506843,0.1734909182499275,0.23971783189743084
stock101013,-0.003207920872678392,0.894936781252313,-1.1227419084843868,0.0060652441278925264
stock101014,0.15364876732657903,1.7187232555500722e-8,-1.0252861359300374,6.469242895658598e-6
stock101019,-0.38952982271873093,4.618473989069221e-12,-0.876118005294273,2.4464961318677637e-5
stock101020,0.23648431602888045,1.2895875282158058e-6,-1.2448158475859123,0.0015814319749299257
stock101021,-0.034690700291771674,0.5717473258695089,0.16658088460501336,0.8373336462334788
stock101022,-0.07713002582126025,0.008880307267428167,-1.2089295927869435,0.0035772225657661246
stock101023,0.05778802806662356,0.06755328745640507,-0.12880470130905686,0.736375527493055
stock101027,-0.13983659155766,3.153043134738723e-5,-1.0298911570896039,0.002217956999537773
stock101030,-0.1326956634587175,6.097434373502197e-8,-1.0289716710715513,6.175057054492695e-6
stock101031,-0.02436983774083514,0.0649422109980341,-0.9382518425072056,1.8623074726886572e-4
stock101037,0.012517937957949416,0.597235720006421,-0.9168874546106816,0.014750583241653407
stock101050,0.2281542741741667,2.70713292924717e-7,-1.3187222303852644,2.3579571415054053e-4
stock101051,-0.007570416960224002,0.5884365748979887,-0.6458891920834533,0.005837005512379157
stock101054,-0.6406157298801649,8.952750072291681e-13,-0.2681151214673279,0.11136887620029787
stock101064,-0.24059368977571127,3.736280519837992e-7,0.008726599313255326,0.9724384013902336
stock101065,0.06921842251459467,2.2478303095370636e-4,-0.8617214184638577,3.690689661537967e-4
stock101068,0.07542505666641763,1.996569782110527e-5,0.12210480976384182,0.3508655821581873
stock101072,-0.28915839451520114,5.780140350370285e-7,-1.6414985850320667,5.046528571101167e-4
stock101079,0.09805553280210179,1.5874378195608862e-4,-0.35828194882721925,0.12350342390230842
stock101084,-0.12905617405962327,0.1635069748162276,-1.0323615540296307,0.38640807893836693
stock101096,0.3094587170219354,3.255880168534352e-7,-0.8962163202215566,0.01811612906131348
stock101097,-0.20991562796646862,0.02879365186380549,0.6164675037125599,0.5810690721285986
stock101111,-0.1516084530077965,1.6385695191554691e-4,-0.03814918299878908,0.9097990664839674
stock101120,0.18008754132262775,4.563631829525396e-6,-0.39153034704240586,0.14777016055668768
stock101125,-0.008263460862018134,0.3771339077960445,-0.23547683647130047,0.07837177850717558
stock101131,0.2501629595607831,1.2682324028990112e-4,-0.8740224786658963,0.12840401301968501
stock101135,0.0045229459807422275,0.8905480111028099,-0.5382743150125644,0.2381648712241812
stock101138,0.035947980816663894,0.009696204566496577,-0.30276602708463257,0.06892100955263214
stock101139,-0.14186120135004124,7.451582650163808e-8,-0.6539624705836508,4.113976056514997e-4
stock101145,-0.08159065788148435,3.109146831286726e-4,-1.2480351570295216,1.128284108252156e-4
stock101146,0.28033376094707213,2.3875553303654768e-8,-1.026796314479813,8.219433142220046e-4
stock101150,-0.016349720594428335,0.5948117207501431,-1.303016534353953,0.009296060099718662
stock101152,0.3733081337492961,3.709474980330741e-5,0.053271805852567834,0.9378160164671555
stock101157,-0.7115817758111033,6.182010061704107e-19,0.11771112512337584,0.008148306343193048
stock101160,-0.023816079555275076,0.38188601580409953,-0.9989020981326298,0.017827225603048395
stock101163,-0.5833275521780477,2.4406892027652013e-10,-0.19000886374964518,0.4814450937634448
stock101174,-0.010818553644546718,0.22378123656558419,-0.19774223621118311,0.10690383913215826
stock101179,-0.8030321419358215,2.467837823418727e-15,-0.41835136136370976,0.002196470143123255
stock101188,0.09366368692227048,0.21222421892969495,0.9952616627862253,0.31243161085569277
stock101189,-0.07065752610986553,0.003269455899399232,-0.9037815035424616,0.004181419271105196
stock101190,-0.157051254779451,0.013174483466447633,-1.1521751055810383,0.12455627081361056
stock101192,0.08900190073793872,4.1015002151882946e-5,-0.8479234873689048,5.019474582809586e-4
stock101193,-0.23141603885024106,0.04875831142255898,-0.5201105155025709,0.7099628030662061
stock101198,-0.007588375705991689,0.8613999964194023,-1.2838565974238167,0.04858937299347246
stock101199,-0.20705415958882772,1.6475562502595877e-6,-1.425566943466278,3.0787813183088067e-4
stock101203,0.6558467112979637,2.4002254170677238e-6,1.0515461742916645,0.23888871406326284
stock101204,0.15128298333051696,2.4122086709271853e-5,-1.7216883556037936,8.31718720628295e-5
stock101206,0.22912739105674684,1.0191056640065194e-7,-0.48436104559024806,0.039500098847830865
stock101207,0.3645518586874557,2.0765098716838085e-7,-1.8634707218019217,4.5665223647712027e-4
stock101213,0.09854753696470424,0.00119368102896832,-1.5719985427267302,3.4782911680266473e-4
stock101214,0.5165383924601027,1.4528369053899812e-7,0.4442837496202611,0.37185310763329016
stock101215,0.022292052486151327,0.713563094975137,0.5015970718714757,0.5385102023246273
stock101218,0.2825229173254615,3.963790445449684e-6,-2.5928174763779497,7.916783043466061e-5
stock101219,0.03139090078189953,0.04731543479389074,-0.7909254740919309,0.0018816053390713068
stock101224,0.013749634795046827,0.2708236750981612,-0.665367644057402,0.0021175156693527715
stock101230,0.1207224401776231,0.05970269431561145,-0.40065663977892785,0.604947808163907
stock101233,-0.7476596786990869,0.0056105460125664315,-6.4435821073773925,0.0442401154684293
stock101234,-0.018453848149096022,0.03639332227239313,-0.24327633691666958,0.038087820841683634
stock101242,-0.07055337398331638,0.027688434436154846,-1.3933404941788736,0.003705637946122293
stock101245,0.7782388501337039,2.0138459069252548e-5,-0.36892359443059447,0.7800135395659582
stock101247,0.14663090846312646,0.005460950493249257,-0.42037936963784034,0.45478278343513756
stock101253,0.16175712914869753,1.9784697030114252e-4,-2.8821454381888225,2.1202411373872105e-5
stock101257,-0.03391210288485863,0.7697394288740498,1.8727381814305837,0.242991034482552
stock101269,0.01239176652261992,0.9510863419663826,-2.290830562478379,0.4045752502811868
stock101280,0.32434506848001304,2.9756238364067284e-7,-2.1956185289290535,7.838593926705136e-5
stock101282,-0.5850303067611187,5.72357568873108e-12,-0.11803542556071255,0.5064380414554279
stock101283,0.0329648344626122,0.010167756047527008,-0.40953281545866577,0.014519453801171867
stock101288,-0.49112065084813683,2.5100013837930425e-7,-0.39541975314172545,0.43025102118253244
stock101294,0.2985125531689004,3.6697778255041553e-9,-0.5989757746972133,0.008734150525397761
stock101299,0.2721120886375613,0.03196989429904586,2.188807660293324,0.16053932590024655
stock101300,-0.26244829750374526,8.032583073365974e-8,-1.4085330769056734,1.4470566254384348e-4
stock101302,0.19262025792183743,5.121320496781077e-4,-0.7434932978121772,0.16127056296156517
stock101306,-0.37060809277874973,8.61917165321429e-7,-1.312843142153871,0.011810667631066881
stock101307,-0.08515998093447305,2.2992464392106024e-6,-0.9990590364237919,6.659664625152558e-6
stock101310,-0.27044428233285334,1.5942341758655231e-4,-1.840487858311027,0.011495097115098548
stock101323,-0.30611812206848976,9.107041941014341e-6,-2.9848990223925402,1.07643364554747e-4
stock101330,-0.01006309960673106,0.28279317682918503,-0.6142530412189108,5.422671264574076e-4
stock101331,0.1696970397536677,2.408793788495469e-4,-1.277613591796616,0.00910444944440116
stock101334,-0.1509584916943593,2.792202246402726e-4,-1.4096472749734745,0.0030131566285406153
stock101341,-0.15800369542138942,7.422586796057317e-4,-1.7222114665202544,0.0027386896223762433
stock101342,0.32423738239023914,5.747163839818341e-5,0.07378574059413165,0.9063819686041293
stock101351,-0.23562902213475592,2.660943296535363e-6,-0.47192241703018645,0.15404799792843515
stock101353,-0.10053287980833946,1.062942456372401e-4,-0.5950186152094764,0.01749801650733596
stock101355,-0.14495340075462632,2.899613841897232e-5,-1.4479644696296816,2.6160708671408466e-4
stock101360,-0.0034892221617993397,0.9000825016254733,-1.3962149464334646,0.0037556230146564415
stock101361,0.053664186353464025,1.0868466991965536e-4,-0.40992767120702633,0.004652558037474238
stock101363,0.5559051424485806,0.020954230100990404,-1.5174315903623505,0.5814780823512731
stock101366,-0.13038504065318998,2.59260578856965e-4,-1.2000384881225186,0.0030915484216882845
stock101368,-0.0069673026312524295,0.19072370919368103,-0.38538522200407443,2.3775765922573266e-4
stock101371,-0.13299100180509146,1.3965145574526498e-5,-0.5991838084132581,0.0187002315285755
stock101372,0.05159123050229939,0.008265253536683198,-1.3003228749234594,1.29915445829801e-4
stock101374,0.19533474546189145,3.4358884071678183e-9,-1.1710521919011674,3.4680708796272197e-6
stock101376,0.06030046232674794,0.006949843490390427,-1.167192906691078,6.899699070207009e-4
stock101382,0.05762985709168127,0.021426728952711905,-1.1499414673930122,0.0024506045799161207
stock101389,0.16030530487689773,5.076670158908257e-4,-0.36109066338683526,0.39569694502632036
stock101393,0.21735780260243212,0.29710893994981874,-0.5490501939118638,0.8385947693834579
stock101403,-0.16308271854282375,1.4929521049088714e-5,-1.8049803836953557,6.506851044833695e-5
stock101422,-0.3271193584485088,2.4233968983544565e-6,-0.7323858414527642,0.11237794502204919
stock101423,0.0017892761232716921,0.9152414866755945,-0.8014035208550381,0.005100592766087778
stock101424,0.11727763398815114,5.239198315600617e-6,-0.9783083968120977,2.0877385226934794e-4
stock101425,-0.13776152951343149,0.006859080530598582,-1.0513848770859349,0.07703791960461423
stock101433,-0,NaN,-0,NaN
stock101438,-0.21608546628002215,0.14921238735986964,-0.46780415388125174,0.8036490650694952
stock101443,0.21990034479628992,3.59159081403154e-9,-0.8960414741360183,8.010152671301244e-5
stock101445,-0.08397518680009979,0.0015212102337049192,-0.6843258510491688,0.022803554967603806
stock101448,-0.4343584421912714,1.6561797238170157e-6,-1.098504769760164,0.06732917652201344
stock101449,0.10466862225256057,6.749271380160456e-7,-0.40419155996225536,0.006418589758889343
stock101451,-0.021695089135387046,0.2369354083829644,-1.1879492222453338,5.614828668971033e-4
stock101455,0.3244232769603427,0.020298178481543024,0.46189945274353345,0.7707658290488737
stock101456,-0.022555362568143104,0.060632821986496166,-0.8388719207050029,2.0750570397062772e-4
stock101467,0.11164833564207093,2.1898018265322803e-5,-1.0361819644517587,3.447789740940075e-4
stock101476,-0.2222782337676893,2.255807840249414e-6,-1.5574766540572087,3.549010751580932e-4
stock101479,-0.2289335313022117,2.2657509675116615e-4,0.344245606270428,0.521888479891973
stock101481,-0.01664773323787454,0.784529775745529,-0.5997037567798196,0.46606173066176004
stock101483,0.2458796394283911,0.002801043355878175,-0.16644352278892657,0.8409111552202465
stock101500,-0.6793012930424323,0.004954181215116269,-3.4217166967569557,0.1961580194735303
stock101501,-0.007890119332975199,0.8910593001572322,-1.2375368831474132,0.1318303082083811
stock101502,0.11065535152362826,6.927656706629936e-4,-0.8134835970105597,0.02129919491482471
stock101504,0.07293283053283957,4.156148909927663e-4,-0.7929486456104126,0.0016500042926917886
stock101509,-0.25242240088203355,1.0075105872722786e-9,-1.299076714226897,3.908643411043365e-6
stock101512,-0.005779176476840723,0.8897407545721391,-1.965925768969237,0.005415037390864249
stock101513,0.3402768102673159,1.5859802725478507e-5,-0.5924692405971832,0.304464996173399
stock101519,-0.26395098618835466,3.8248843786673995e-8,-0.8976230256401732,0.0019024504734414512
stock101521,0.06620916511668798,0.009284265966712259,-0.6627216019517775,0.03530596820475105
stock101527,-0.5317627574284297,1.3941084482442567e-15,-0.017394150609033057,0.7834198630888634
stock101530,-0.013193367171656764,0.4577458101291595,-1.323859818353734,2.472384613441525e-4
stock101531,0.024976964469500387,0.7500836366117419,-0.3067776998162632,0.7691029030945251
stock101540,0.24958992768596427,4.2395903734662987e-4,-1.1903548113542968,0.08467705929537968
stock101543,-0.07323282742705314,0.059565951435041696,-1.4532813112170624,0.010708735775416804
stock101546,0.00893790636821595,0.7681857065507247,0.14513795930883117,0.7199479537492386
stock101552,-0.10154122967423063,1.8853584794232056e-5,-1.014618066086539,1.7568543772102763e-4
stock101556,0.003457707343045906,0.8040037546911767,-2.128407442965598,8.883493022128026e-7
stock101570,-0.013342420899833906,0.3320123589161909,-0.5766706887229854,0.008892845806222764
stock101578,0.02746856931180202,0.0477596208686912,-0.7121769616732843,0.0015927003642016299
stock101579,0.021838952088714277,0.14117066434786188,-0.6590669390892403,0.005308344228622254
stock101580,-0.20545958535083708,4.5149369049783183e-7,-1.1935211799020717,3.496089563954865e-4
stock101585,-0.2782025424922663,3.436001608418223e-10,-0.8329699860545896,1.1199446582255338e-4
stock101588,-0.5393898335873731,1.5302186364159612e-18,-0.30401049968395144,2.563194539915303e-6
stock101590,0.14196738961829863,3.5860159474292474e-5,-0.5869502364143467,0.04443768056105061
stock101596,-0.10970806393384346,0.01188333592748055,-1.8334849515984404,0.003413100334292421
stock101600,0.38945000099654614,3.0044982931018465e-4,-0.8787892393491031,0.36124210427349623
stock101604,-0.2721196293475287,4.0151678853353424e-6,-0.1668355528689908,0.6609345999669067
stock101605,-0.047262618020099754,0.2949565319843797,-0.6287203697091694,0.29600796127388546
stock101606,0.06803045555853064,0.4873642700769747,-0.9538313631416349,0.4658574950205543
stock101608,0.07462573761750306,0.001062891440263721,-0.6865674940869203,0.009701995698607968
stock101617,-0.08027736885876648,1.603152921816051e-4,-0.8448220417186346,8.623952683304579e-4
stock101623,-0.3024649084284707,2.906697036631763e-7,-0.28133805777647647,0.37276095575654566
stock101637,-0.02675624591244507,0.3119162327154659,-0.407174652984406,0.2524902100912715
stock101643,-0.11761498440596525,7.094485304824652e-5,-1.0878577902548314,9.956781537564083e-4
stock101645,-0.3498267960280257,1.0852652573465473e-7,-1.5026322409336752,9.035930349831324e-4
stock101653,0.2945682763854957,4.070739128987196e-5,-2.703485117389838,6.462231441152583e-4
stock101658,-0.006885826453872449,0.06584825504513614,-0.8088271206473345,1.856546945564632e-8
stock101661,-0.07298676347295542,0.02234480920007129,-2.5445499194977534,5.084224571465764e-5
stock101668,0.14279151726681485,1.4231573926157675e-5,0.15618360404085388,0.5055957798260058
stock101669,-0.024334295797695114,0.051377630760673636,-0.5283055507274678,0.005266020036958599
stock101677,0.6200117614080988,1.996453301711299e-5,-0.158139577517703,0.8802270980715929
stock101679,0.3308425202455632,5.1225577006104834e-5,-1.781020817300867,0.017479916685191197
stock101682,-0.047783803010449176,0.03317975810849834,-1.0834478756221837,0.00207305139659617
stock101684,-0.07161380607835276,4.97216754996582e-5,-0.9094042916429784,7.253620325349818e-5
stock101691,-0.05020146529056807,0.12890579312803746,-1.7300936595099827,0.0019304963826908782
stock101692,-0.05145603316063106,0.07287587374301421,-2.0155044224303658,2.114237336184531e-4
stock101696,0.20349020868434642,1.2318395335783318e-5,-1.1873034547475771,0.0044501442759754825
stock101697,0.10739462185054055,2.789116434681828e-4,-1.6887756777749494,8.15510112563517e-5
stock101700,-0.3882649246602971,0.007994416042010783,-3.8285898049316547,0.03345715674800701
stock101704,-0.10671800235563494,0.0014833496650588406,-1.1676221700176643,0.004960847197200979
stock101705,0.28219553026494665,4.3561890833888645e-4,-1.4957675420351857,0.06054462291100786
stock101711,0.362812054085367,5.332473376689824e-4,-1.7979383786927416,0.08319445211873526
stock101715,0.11668301672821578,2.447896545538511e-7,-0.38004602238356844,0.008517058696024898
stock101719,0.0029540260256713355,0.91907382999534315,-0.4849685166547416,0.23036658736405255
stock101723,0.04737876746682836,0.185022879251957,-1.1874718862396152,0.02447394202201465
stock101724,0.029714342183056276,0.10505883804934896,-0.11352607606396929,0.6180630315061653
stock101751,-0.2742262409155877,2.4934610817275103e-6,-2.0450579851222686,2.4671871627306857e-4
stock101755,0.18295098413520183,1.705822467098692e-5,-0.9668519075033373,0.009597738894108658
stock101759,-0.2902701331288689,6.2920700995543605e-6,-2.0837988217563397,7.101171614090831e-4
stock101764,-0.3317632993345631,2.019142317187852e-8,-1.2039458011471804,7.689991932224994e-4
stock101773,0.2017348788571173,1.887328240103515e-6,-0.15947006661243185,0.5381517848822103
stock101779,0.15304820099006541,1.9080465765648547e-5,-0.2648438145953719,0.31775683568517415
stock101782,-0.06531886097232986,0.64799989079837,2.178545922896418,0.26777909320271065
stock101783,0.03188887277413467,0.5052461202901113,-2.6898322985511744,0.0017459351774366625
stock101792,0.049939496799061074,0.07741357592984516,-1.270475676280585,0.0041996648755253906
stock101793,-0.18955335059573908,3.598379318375842e-7,-0.9655949614423974,7.281403680866034e-4
stock101796,-0.06965426908560739,0.15374986459286324,-0.3664927826050361,0.5540005192329005
stock101801,-0.1472392347741774,2.7174197007436544e-7,0.020952075861844482,0.88819971743054
stock101804,0.4058658619462402,0.002187715982831466,-0.4944313845625129,0.707745512175664
stock101806,0.13081243404183485,0.004941164986263696,-1.3603704878555312,0.01806947884253458
stock101809,-0.13745390811152186,1.0011290828924069e-6,-1.2611070378398728,2.1999488567034903e-5
stock101821,0.5245473172324493,3.372606116142339e-8,-1.5448472980721937,0.004185060820422803
stock101826,-0.050038850177431614,0.010461003984931631,-1.4658336470695827,5.804529569473111e-5
stock101828,0.0369763573202116,0.21521719146172558,-0.25047923489198687,0.5152233180263817
stock101831,0.025592251730142953,0.3078411978867609,-0.07748370441025583,0.8116182106037346
stock101834,0.07971936759695589,0.017253799792871734,-1.1991436466672694,0.009450872575802828
stock101837,-0.4131950912841516,6.789343973478751e-12,-0.36660465615651816,0.015315573344325926
stock101841,-0.056158325617596594,0.0012302670020602517,-0.5717278671627787,0.00633434330217827
stock101843,-0.0720511171132107,3.483368380955827e-4,-0.7912780002222283,0.0013165882569895788
stock101845,-0.2574049335621849,2.08897480268196e-6,-0.6873107682211991,0.06144900853586578
stock101847,-0.04747987938158243,0.23867477242841606,-0.2391587341342912,0.6449064860787115
stock101850,-0.01707448850957754,0.0640181136095541,-0.5135172426899445,0.0010290647487508993
stock101852,-0.2506669421633317,9.451250904902066e-7,-1.1719614457669199,0.0026464674934317733
stock101854,0.14614638898799662,0.0023083105838580544,-0.8187058417851445,0.11148917393303821
stock101858,-0.18189881142800313,8.925564926029994e-4,-1.1549561697839112,0.04581541045847551
stock101860,-0.4064354432605677,0.026301444470062087,-3.353500256619972,0.13493175226076506
stock101862,-0.07016900917006745,1.3970332812142828e-4,-0.7853453276423265,4.973521395142616e-4
stock101867,-0.21293631372539915,3.0763918634870735e-7,-0.9756876065982865,0.0013088634561361544
stock101871,-0.0946804821967073,3.7060553419342244e-4,-1.1345225524449012,7.799945644204805e-4
stock101889,-0.2753942400400756,3.691595421292652e-5,-0.763050585399532,0.15352386621261663
stock101893,-0.30043722298252207,0.012045739518125764,-3.475563671109598,0.023646239134554735
stock101895,0.706865053178146,6.796252337027947e-7,-2.2419579239048777,0.017693722452039515
stock101896,0.11396074730526977,0.01321545704372306,-1.4734838611575252,0.015367603205247394
stock101902,-0.1381049358485328,4.7869695663985574e-4,0.2558240911198834,0.47839401106032253
stock101907,-0.29586972691768054,9.009130862153764e-8,-1.506178171134062,2.3570526643798898e-4
stock101908,-0.33785016543609664,2.557270945489607e-9,-1.496110634497093,3.107919671732973e-5
stock101910,-0.08383740211621203,2.781439970882318e-4,-0.9565334752641015,8.295229760972954e-4
stock101913,-0.07585847083683879,7.646800935864663e-4,-0.15879409618496165,0.4548306762526996
stock101918,-0.11980103202657792,1.1005407229079943e-4,-0.9322284507496225,0.004219110489913661
stock101920,-0.0694250778289368,4.0567751184850996e-5,-1.178090238435975,5.811653845469347e-6
stock101924,0.1636849809319436,0.006431711180840984,-0.45244697027250824,0.4831275832039429
stock101931,0.30128721043676376,7.24468906519905e-6,-0.5948685721284522,0.20701232954172927
stock101940,-0.11825896143039986,9.687268625917837e-8,-1.2715711568892634,6.193881822525776e-7
stock101948,0.10220397006295591,5.5799675792010946e-5,-0.53199452290602,0.02149687745637534
stock101951,0.2100487946855911,2.9378088724806265e-6,-0.8401663947213698,0.013318699686201
stock101972,-0.2038309747633392,7.518833706449256e-4,-1.383808434828291,0.03174364105911609
stock101976,0.176013911778352,3.62120476125429e-5,-0.6884842826857278,0.05483100618127444
stock101981,-0.0816531319281591,0.01280065528127399,-1.2016844402281681,0.007658949271796427
stock101992,0.31356180379233956,3.459190917034218e-4,-0.5768464005688088,0.4616209734898793
stock101999,-0.009329442184006335,0.31541098231165304,-0.4681184400003844,0.0031068137443252446
stock102001,-0.1178461230911823,4.884714389374439e-7,-1.1045049075286506,9.383322022379052e-6
stock102003,0.251345707339441,3.9616021551094666e-4,-1.5299611426734798,0.034063689157476706
stock102007,-0.07265228837072497,7.755995835582165e-4,-0.9397051022563756,9.523364283076469e-4
stock102009,0.024766210064100642,0.10905441010861727,-0.8837096268919682,0.001030911302412391
stock102015,0.08317599905007654,4.438775742132643e-5,-0.2592682661111891,0.12092136929409056
stock102020,-0.19019064095575597,9.486790023847221e-8,-0.757950899212695,0.0013401111713434567
stock102028,-0.03411190152227827,0.4973270197545697,-0.20718989071661434,0.7546866377039193
stock102029,-0.010518240793240673,0.33245839107967556,-1.0873276427543774,2.3481740902711352e-5
stock102033,0.13019992195683042,5.520051981514995e-6,-1.0123226561497094,3.637811101121392e-4
stock102050,0.17810419934881228,0.004815500870616931,-0.9605397218590813,0.16729007145542368
stock102056,0.10931216483675213,0.3258683368764602,0.7643067907946585,0.5990691151264966
stock102064,-0.6035536016505835,1.2665794850440993e-4,-4.428876175566941,0.006545924874967197
stock102070,0.04352984567458509,0.04763213730394272,-1.1620943992427863,0.0013114628072029744
stock102088,-0.6542010320594716,6.038348735336466e-16,0.010973135056551817,0.8768855418380073
stock102090,0.40496527836860924,9.127192755723486e-5,0.21808617669130392,0.7936002326919421
stock102091,-0.08809571653094427,2.6819023359482693e-4,-0.8941754088164015,0.0017325539257727013
stock102092,0.6726760562283303,2.594132883274259e-7,-0.27561673226281236,0.685282440963611
stock102094,0.0324683194036033,0.014795365053123519,-0.535037693002561,0.004800939135047818
stock102098,-0.024712770530638743,0.429213816911315,-1.3733960665116327,0.007273997052641996
stock102102,-0.04734632209148715,0.0041239190815881175,-1.2032285359510422,4.711312427652857e-5
stock102106,-0.018896904556052987,0.6172400060629304,0.19734167835703595,0.6946746456671511
stock102107,0.019911661032499816,0.42841828868259835,-1.492931498841782,0.0011802886135613556
stock102108,0.01666932264210276,0.03373461295942782,-0.633020090150026,5.503933192751914e-5
stock102109,0.04767365704231794,0.37708269455973387,-1.1589864675235741,0.12450746831236223
stock102110,-0.15218737114125525,1.2459651094432601e-5,-0.1870885334812015,0.4486432194245663
stock102115,-0.08459218752288138,0.0014051676689692285,-1.3657209835976896,3.813486575086208e-4
stock102126,0.01433938430185502,0.1284869924080859,-1.216165674933105,2.118309600691143e-6
stock102128,0.1549891802312307,3.3669727283760694e-5,-1.0565020467232273,0.003734378069244299
stock102136,0.1755938103369192,1.9256896829345728e-5,-1.8598453968900241,1.1588965451363185e-4
stock102140,-0.1723273854222657,3.2144012766197245e-4,-0.31155253149762163,0.4647298957781707
stock102150,-0.20474445511991338,9.559992196110919e-5,-1.8430997923737524,0.0015367210632748864
stock102151,-0.061707272301777145,0.15402651239360401,0.553541040115697,0.322344934796414
stock102158,0.33414380523404374,5.009727995788734e-7,-1.1002926336939156,0.01238842825241274
stock102166,-0.4720776372613429,7.425439795446214e-9,-0.24064989524675698,0.4541473066024244
stock102169,0.005827794358728395,0.5946821070348562,-0.5046889218083799,0.005909644049387953
stock102174,0.043706463029233845,0.0011867731909943867,-0.3217429950825929,0.03007555792851095
stock102176,-0.07004580174496604,4.786006341991392e-5,-1.1921949855494014,6.7472726753210524e-6
stock102177,0.3090125620260082,5.7016232157732814e-5,-1.3319260713039345,0.04751216795884718
stock102182,-0.03108613023250246,0.020620762519409745,-0.7932390556737248,4.540569064882943e-4
stock102183,0.2857499010438204,2.744355019753611e-4,-0.8725230554454194,0.22006034759472906
stock102192,0.139362585672891,1.5777530856983521e-6,-0.7760986607897552,0.0012808610281432418
stock102196,0.09865051676558981,0.019646131760478126,-1.4804867486520583,0.011043179129585936
stock102201,-0.10316416576445532,1.2465706186415468e-6,-0.733645647087962,1.911448567853839e-4
stock102203,-0.049085569318997296,0.007733336889486319,-1.0549370320362583,3.808917084478048e-4
stock102205,0.014889148290900852,0.7844105679312139,-1.7308349376980934,0.036304424116691505
stock102215,-0.25442471049929616,1.1963066607805906e-7,-1.1040084016065552,9.100261320788108e-4
stock102219,-0.2873340824254669,4.2860410637758314e-4,-1.2981147238100763,0.1001261309321006
stock102220,-0.2451098742036662,1.6836525503633593e-4,-1.9382018163589356,0.005331641488683761
stock102222,-0.06543300177061334,4.5708845846007646e-4,-1.482064258918659,7.778501703155278e-6
stock102223,0.1155957484816762,0.011037597822683013,-1.631639580357311,0.00819031228791651
stock102227,-0.27137936884432623,1.028151353803384e-7,-0.7258700321823428,0.013987693371086095
stock102241,-0.10054371203412556,9.865805169038118e-6,-1.1086552167626658,4.505151511455602e-5
stock102242,0.06388480902902027,0.1906948896532167,-1.382028873686829,0.04731282635080964
stock102250,-0.16632986669902441,0.008363651736357008,0.24385305661759965,0.7201867460356809
stock102252,-0.06979091728694962,0.2246977236244757,-0.40474895653350873,0.5845495063830521
stock102253,0.23448032610465205,0.0011079910486200884,-0.9247722707920257,0.19721114069601545
stock102256,0.11852759628382445,2.6018867781100574e-4,-1.249044962837893,0.0013236275866149226
stock102259,0.021960269361541343,0.3498007615688328,-1.3696113856239056,0.001266931101688167
stock102267,-0.051551139281272,0.057548503274648735,-1.2378373044825959,0.00351815267912881
stock102268,-0.024395098166134107,0.006892900895891928,-0.8753140880855347,6.101407504122046e-6
stock102269,0.031334483509283355,0.472527193852202,-0.15775369977902137,0.7835002387353189
stock102271,0.016639466583711425,0.3254417799640146,-0.733507687050636,0.007407025262481263
stock102272,0.060528218955618905,0.0036461248845813467,-0.6614545822591597,0.010963646258641175
stock102274,0.1256245052359983,0.0020620234794350802,-1.4390432055478064,0.0051261725996723986
stock102280,8.818125983020368e-4,0.9213666415333961,-0.2689892046165512,0.04530396459144635
stock102281,-0.14267503695926034,0.20466779168202048,-4.259251128361735,0.013537810873264607
stock102287,0.2181774367422379,3.574370052403727e-5,-0.8830019744343602,0.04809350805119023
stock102300,-0.23988729944539186,5.03393586804002e-7,-0.07887869553593718,0.7628625094245864
stock102311,-0.23784467677885743,6.703021913774034e-8,-0.7582967921866377,0.004167484182594756
stock102312,-0.1955176101106212,7.897952716510861e-4,-0.8418056108711257,0.14431950541743813
stock102317,0.1344469662692741,0.012968261897349669,-0.4469188322889203,0.46109405878520937
stock102320,-0.3319791994145471,1.913939333711282e-10,-1.4361218395826583,3.514301748618586e-6
stock102322,0.34420001166637904,8.73251942313977e-6,0.14527134769092812,0.7827627433999935
stock102323,0.46585204501969235,1.754465434913781e-6,-1.6954076005948204,0.015652748349153218
stock102324,0.19871862934120568,3.4946206067216145e-4,-1.666563268678963,0.006718314610702681
stock102331,-0.16580159328998653,4.70946782270534e-7,-1.1263734212787562,1.1458449715740412e-4
stock102333,0.19377014346125065,1.2052177134816317e-5,-0.849439787007795,0.019517055944078796
stock102334,0.15417050411941435,3.77336490558227e-4,-1.341575816568187,0.005809106419452918
stock102335,-0.13482636320932054,0.28507133976087584,-0.24734619546150333,0.8791847174784196
stock102349,0.10214196169824101,3.288989678236732e-5,-1.1335507750445128,1.35291886162355e-4
stock102355,-0.07450964460066263,0.08546002555987052,-0.18319998504333954,0.7299111171759199
stock102366,-0.20584148295979401,0.0034351407352334706,-1.5591453292835695,0.052265897203151265
stock102368,0.015840687033965323,0.3843813037519195,-0.024894236449575707,0.9165449909433762
stock102375,0.008940761990550295,0.8369137926973504,-1.9641495628055954,0.006818249508402645
stock102376,9.848857423652186e-4,0.9793246325573758,-1.6861001285425474,0.007615185020420771
stock102381,-0.09525536985170595,0.0016039548428872636,-1.3476858083845111,0.0010888897541564688
stock102385,-0.49099686393507785,2.3266423985673006e-14,-0.6201583546159867,2.220807329319576e-5
stock102394,-0.046934458109672915,0.009487034106048117,-0.8593695097876214,0.0014719417530629948
stock102395,-0.13032152607928757,0.0015819351271855679,-1.1200483755417552,0.018372054764787715
stock102396,-0.0339517704287026,0.04100059222323383,-1.0672454217139509,3.2631550198146766e-4
stock102400,0.07758221704060075,6.995235450352779e-4,-0.3166160168735629,0.15729962906249947
stock102406,-0.3579475147424076,1.0779068119635779e-8,-0.7856945658749351,0.010339514694917036
stock102411,-0.25709120705620375,0.35137213487233443,-1.071580856656939,0.7656553220111414
stock102427,-0,NaN,-0,NaN
stock102430,0.025405957436803427,0.7414051933055239,0.04934528818042593,0.9615419606027992
stock102439,-0.22020931090728116,4.0987220081333764e-8,-1.1325883565301937,1.116372957535583e-4
stock102440,-0.1283037022608388,0.0031320674150100325,-1.5990589593256905,0.004664501126262997
stock102443,0.3351856531533205,8.815266855833799e-7,-0.11933337827752447,0.7596772019626864
stock102444,0.2724043336706579,9.523764892086146e-7,-1.021133496923129,0.009372210597954171
stock102446,-0.4758745005748429,1.355634303205486e-10,-0.599627042167048,0.014152566819458248
stock102447,-0.026174122244523566,1.2021984664885939e-4,-0.40184408806696514,4.061966216816427e-5
stock102452,0.1558867718615299,2.6025246174449636e-4,-2.1459272201818056,2.061085486592739e-4
stock102454,0.08847608073969464,1.6652328443550983e-4,-1.45757991352717,3.285305851928427e-5
stock102456,0.3225879572337588,1.2004218353319889e-5,-2.11956093459028,0.0021318077154590283
stock102457,-0.06764619440542179,0.001367342457472224,-0.6690256208095757,0.008102081803948915
stock102459,0.1628838130969761,0.01431434572826176,-0.6782736800797361,0.36915551977712524
stock102463,-0.31935729571193827,2.1042630582108273e-9,-1.3424067006395082,3.9408413262535445e-5
stock102464,0.061377096224588576,5.237898497467738e-6,-0.884609192779467,2.7425041172939844e-6
stock102465,0.23042293469650008,4.438042025348484e-7,-0.7171344882641529,0.01526260247772018
stock102468,0.39158233000797377,1.4060312904850862e-5,-1.4362063621341317,0.0448653775229752
stock102475,-0.5153124475230899,1.1529499079328237e-14,-0.2635937924828989,0.006706580580425912
stock102479,-0.09291325366185968,8.642767564306606e-5,-0.5008420409300559,0.023715938552623782
stock102485,-0.04252835380018335,7.651737940311823e-5,-0.8538761694929172,2.834870809401904e-6
stock102490,0.5531044738774509,1.2918199788206839e-010,-0.6281089516593571,0.022504664762551647
stock102492,-0.306857529053649,4.596367162550819e-9,-1.1586151174676562,1.7553239161499653e-4
stock102497,-0.21763038234727516,7.879554987835838e-5,-1.179247055520054,0.0219462643201995
stock102504,-0.013210483444814066,0.8372734956966555,0.7105515405477338,0.41586920494324653
stock102512,-0.3854934137808612,1.7828921457387197e-7,-0.781598753717941,0.058720454688685114
stock102521,0.10961430021974845,0.07154729675657467,-0.7710941240418014,0.30938723134418805
stock102530,-0.133074218474058,2.5703778159866665e-10,-0.7662520768918488,4.1333282937020496e-7
stock102533,0.1148880074369857,6.021544922436341e-5,-1.0503043673265238,9.338580865785445e-4
stock102536,0.016980695411942016,0.5520544831185735,-1.3844314119693966,0.004367469731893715
stock102540,-0.5790169235125013,2.135925961055569e-14,-0.7242185404210417,2.2254591086613433e-5
stock102542,-0.40587906381844796,8.781166290297245e-14,-0.7255839881893471,4.365896564651536e-6
stock102548,-0.38202248141151146,0.034451361938837056,-2.7416219861407707,0.21311541860817504
stock102556,-0.0860057416104607,4.89586685890713e-4,-0.8091052010364994,0.004596475636195303
stock102557,0.17494360883726368,4.7186169415427667e-7,-0.8285616666032439,0.0014594695764951048
stock102560,0.08420061191411178,0.0015831854893944557,-0.1593491896481571,0.542694054881615
stock102563,-0.10244035704874503,0.11159767545630969,0.8280467462941418,0.31279547095021987
stock102571,-0.3128496675571119,9.473853013194436e-6,-1.7333164573996145,0.004978735993539138
stock102574,0.14076642871154357,0.11789599444384019,-0.09930848790158009,0.9291192090979644
stock102576,-0.1224892337837295,5.479083331466292e-7,-0.7610574918443203,2.533006194385125e-4
stock102588,-0.06963057277141974,0.005648954159836894,-0.9835089933909504,0.004056029242625516
stock102594,0.22898431363330718,0.06430023107486574,-1.5033848789697366,0.3264078142050974
stock102598,0.19832621751812324,5.540415770712167e-5,-1.0716940376660835,0.018007167526693235
stock102599,-0.03637973768429563,0.010360164318918064,-1.4745444937483627,4.19029121815443e-6
stock102601,-0.07749318662567538,0.00290040311388636,-1.820933959660278,5.4778429327775706e-5
stock102603,0.12619830029314147,2.4832974125786345e-4,-0.1643036548870654,0.582777414624654
stock102605,0.06449014300124686,0.009084836554324467,-0.6952021130774682,0.025370633128951832
stock102606,-0.015486584576896525,0.6393309126307032,-1.1752296683547214,0.022120497671493766
stock102611,0.12843817545578357,0.02102382202754398,-1.0876093506953723,0.11008152142033097
stock102612,-0.24487590895724903,9.150904451601857e-9,0.19001004162449123,0.2747904196159445
stock102619,-0.6023085250213354,1.0837493697456784e-11,-0.334311155788304,0.11004513561367135
stock102621,0.5396432384524177,6.515709835976212e-7,-0.11557847350020148,0.8485337550237497
stock102623,-0.6132629602545163,3.860374486621189e-9,0.22922318594224483,0.5521212561880108
stock102627,-0.5246659284508352,4.683948726494248e-12,-0.19537931309079437,0.22395340166195007
stock102633,-0.00300113991585432,0.6849431803605807,-0.895194164009804,6.098783128157678e-6
stock102634,-0.04854882323916546,0.045276071033413134,-1.6569086527261667,2.1653560761578422e-4
stock102640,-0.23163885984765364,1.382695451272803e-7,-0.8823842796741835,0.0023547896843621064
stock102641,-0.22634824909895815,8.248007943108287e-9,0.2820034402750833,0.09144596657704512
stock102644,-0.3422946376573499,1.077890889763992e-4,-1.347649619828946,0.08597545895714062
stock102651,-0.05825197490159691,8.815194243234684e-4,-1.3042248453735963,1.8516120871570935e-5
stock102667,-0.37633132819304677,0.02310447568032099,-0.810117769993094,0.6694332795696979
stock102672,-8.121767327485685e-4,0.9125189928870763,-0.9903138552463027,2.723165935650181e-6
stock102676,-0.45011284429492326,0.11242037241497682,-3.8844081256357126,0.28429266176169304
stock102681,0.25535508117481676,9.549952850802955e-5,-0.2930841230398071,0.581953940283463
stock102687,-0.026931211590394435,0.0029686705304650418,-0.5165805096568054,2.598387035452031e-4
stock102695,-0.04301835183385912,0.02507773978250452,-0.8010443657949753,0.004575084640142247
stock102704,0.13674697436450045,0.018932597624942232,-1.4325749121385847,0.051573582145691445
stock102710,0.16173964690553017,3.147518413410285e-4,-0.45914367671542566,0.2599246076263927
stock102711,0.19680467117467962,8.65994314406854e-6,0.2490151283142111,0.4160052950332307
stock102712,-0.02544829919311133,9.742379043743511e-4,-0.7889244252714097,1.4259534245124734e-6
stock102724,0.4372487182445669,6.416566843406769e-6,-0.8264795991126744,0.21908617615181405
stock102728,-0.04343443115921796,8.937550391741008e-5,-0.24770854158408948,0.01871348912005188
stock102731,-0.3078719807686267,3.662278954449854e-8,-0.6932685485691232,0.018117801655538033
stock102734,0.016171552620327313,0.7773796374794691,-0.33535598404145966,0.6611713915260176
stock102742,-0.3065613356338006,2.1539011547459025e-8,-0.5841472350639979,0.029166781923315805
stock102748,-0.2495465383535289,0.005654824382282799,-1.1651870960755946,0.23786631256503177
stock102758,-0.0037622373429892974,0.7874539751284756,-0.72002500472917,0.0031713885105813648
stock102762,-0.13525341752090836,1.4821620655573568e-7,-0.7190318758007235,2.6099093857926244e-4
stock102768,0.00980995799469779,0.09734746625371593,-0.8706364629415115,6.177173523912186e-7
stock102769,0.06287181578738067,0.0010700699438143581,-0.9259947631351013,5.436799831333889e-4
stock102771,0.10494992335856168,1.1763133510275127e-5,-1.239184561318792,3.11785156893175e-5
stock102772,0.15570493133267693,0.022268352392809436,1.1300223792032666,0.1678699254657232
stock102784,-0.2483476610990662,1.6751540594707345e-10,-1.1075415589338202,2.4056714712944922e-6
stock102788,-0.047136759384936854,0.02551566198142947,-0.7432466938253485,0.011541414560370434
stock102790,0.2717856437330068,0.005033012956017165,-0.43940670237503343,0.6655293784793375
stock102791,0.4694614801320399,3.091793764122017e-4,1.0384437712628458,0.3721658852647445
stock102794,-0.28281377899502,7.74257570899756e-10,-0.7020486908962885,8.292045126069562e-4
stock102796,0.3467177756324898,5.0644867793150405e-007,-1.0668577049549772,0.0173532810123421
stock102812,-0.06435099126584676,0.040490821085299555,-0.46476103028667265,0.227515342740259
stock102819,0.09744213742496723,9.446157678214837e-5,-1.5082298304301758,2.9637405768105186e-5
stock102826,-0,NaN,-0,NaN
stock102834,0.162445638396183,0.6673367353684614,1.332915439938112,0.7907172140072484
stock102836,0.016522061295641724,0.5016606478451233,-1.2832466647562843,0.0027699196729810164
stock102837,0.16287410706511382,0.13112121563503573,-1.6705691892392143,0.23337083469019337
stock102839,0.014217218097540063,0.5684436387914532,-0.2764918330363201,0.41032967353353855
stock102841,-0.4256251838243431,6.7006353666516945e-9,-0.23669088513400052,0.4103612427057517
stock102843,0.22735794511476376,8.275140720340418e-4,-0.6125442434400061,0.3463697748871315
stock102845,0.2939768710013454,1.2392760914861666e-4,-1.2240363064247577,0.07637812022156405
stock102846,0.07636956751394813,0.0037186266276097854,-1.1765513430531578,0.001519962351721428
stock102853,-0.22806668111310166,7.995102286445521e-5,-1.6857342425644228,0.0044574344208351
stock102855,0.15274904071331202,2.653085897156734e-8,-0.7462940859817351,1.1308738558893687e-4
stock102856,0.07494790601987447,2.8177847934600065e-9,-0.6582027689001124,1.1042845601413804e-7
stock102857,0.0544571627319989,0.019284497078797747,-0.5182731076226642,0.07295986165768992
stock102865,0.6193202891700934,1.4652433636360872e-10,0.7445205415771146,0.018489084533918915
stock102869,-0.12424986549601298,0.6326085036719858,-0.8911760042072094,0.7961175095754586
stock102877,0.10789128471349313,3.0491428490403006e-6,-1.561998259605298,1.527917890210571e-6
stock102880,0.08037223327886174,0.1379129686073945,-0.722531251641368,0.30079048048713336
stock102881,0.00908222899964446,0.60679852351752,-1.216242058423704,4.591405256209225e-4
stock102885,0.052199507961777636,2.4512753833308106e-9,0.01892041707522982,0.5440746301278123
stock102887,0.27798024222555534,6.196180621798415e-6,-0.9177083190419909,0.04570094114432796
stock102888,0.04077481594594444,0.0010361362150176606,-0.6653957869522895,2.529873407252846e-4
stock102899,-0.210528419670655,3.914694258489897e-6,-0.17815501730339553,0.5457084235005645
stock102906,0.1302463089408357,1.5376901132508093e-4,-0.7393843172835891,0.026421911118535677
stock102910,-0.5055832480765049,7.310225586941313e-16,-0.36967132436733063,7.88979171517295e-5
stock102918,-0.026720284215341214,0.05244748576313323,-0.44694883531799356,0.02067293453383127
stock102919,0.014139445796298056,0.7870682283118727,-0.3461178626070608,0.6216960756801508
stock102921,0.0691427686984837,0.028653419271401085,-0.014285649506695638,0.9687211449917732
stock102925,-0.18043509180791686,1.3783522848643472e-5,-0.5848357448544765,0.06917380675058145
stock102927,-0.09864950282071099,0.010791496550519137,-1.8155884400151934,0.0016708216495425567
stock102934,-0.22836719158922883,8.258374788051694e-8,-1.0735392164865816,3.893657458184751e-4
stock102939,0.22487480952319455,1.0459724991546283e-6,-0.5401724632309786,0.0666848773681814
stock102941,0.008749186165905056,0.6773665996192915,-0.507228271256866,0.09440779229832692
stock102947,0.1405523860137721,8.616378441253346e-5,-0.6790483296638999,0.03759020244865478
stock102955,-0.028101692347788445,0.5253182016059168,0.3841739192578331,0.5151428783914334
stock102961,-0.1271877414065434,0.2203663248385759,1.209979422413969,0.3719055548453536
stock102964,-0.27862748231584783,0.021628644385925672,-1.6133539540417043,0.2591314467659514
stock102971,-0.054682649933467595,0.05419090959824734,-0.09509123286616114,0.7794223083786225
stock102973,0.029896502403599336,0.372546528905522,-1.0936510941716717,0.029966207562777875
stock102982,-0.05212950154267888,0.014407146004083236,-0.7470531188635278,0.010010766763018215
stock102987,-0.28046770616422756,6.913251704028568e-9,-1.3017926533059239,5.1915067541073476e-5
stock102988,0.2624807041652637,2.8238563642761074e-7,-1.2335267090304236,0.001037208158864653
stock102990,0.16871072636438572,1.8274370962575926e-5,-0.4597039250406272,0.1283677228911189
stock102991,0.11548078858219117,0.0022649499918839205,-1.6654166473998178,0.0013739712603383636
stock102994,-0.16873806189289153,0.0032040906565746277,-1.6025905472977107,0.019555599742319206
stock102995,0.12724790056160928,6.756465193001095e-6,-0.522170529945928,0.019088029532364884
stock102997,-0.8547969968779002,0.015138241266473928,-11.012161088565527,0.0178443716205429
stock102999,-0.10394064062050835,7.26890883929234e-5,-1.6371741967527165,1.962502535536265e-5
stock103013,0.018351829413999002,0.7271041406142833,-1.9238796327440566,0.01969198887476069
stock103025,-0.11810893027049932,5.847324656133428e-5,-1.430530342185676,1.2186697008267478e-4
stock103032,0.02600462792712508,0.010285610241453226,-0.32252315291517114,0.014798497991848125
stock103034,-0.06511573851218783,0.0019401691434627396,-0.7702735780003142,0.004025048899429562
stock103035,-0.059536787027168664,0.29864392468345996,-0.6639266831136282,0.3803348608802197
stock103039,-0.2771785346762912,7.996313589626785e-9,0.06704137701899601,0.7213350644455573
stock103041,-0.1186769785747573,0.1705022241006393,-2.039917054352895,0.08700666505402192
stock103042,0.0063879384929894645,0.7074658293364315,-0.08631266552125574,0.7037698845064743
stock103043,0.006681838389770959,0.756811163732514,-0.6818727099390495,0.037150706413611026
stock103044,0.13538109235872983,0.07538831981324443,-0.19656069791950484,0.8316742439283109
stock103045,-0,NaN,-0,NaN
stock103046,-0.11546024575686038,8.461810171180206e-7,0.14536741955364615,0.2914632743828248
stock103064,-0.20242762661874605,1.5767825605135137e-8,-1.4879740287629508,2.672182676357596e-6
stock103074,0.36763762086548274,5.085683346325335e-9,-0.2093703756320347,0.3854546314028314
stock103077,-0.07253407674119393,0.00131772088027073,-1.0555676647005359,7.3433423677245e-4
stock103092,0.20770039455747671,1.8703170048100365e-4,-0.0567288797727098,0.903857893857791
stock103094,-0.020086022773519712,0.6506426460597456,-0.748778986817851,0.22279151193684682
stock103096,-0.16887467754422442,6.112289120075776e-6,-0.6271468318781593,0.0282317089670392
stock103097,0.005533147723776871,0.8290687264495404,-0.40569191450589526,0.25266646214445454
stock103104,8.386269541116122e-5,0.9928497270869259,-0.8152839276698535,8.676966246479631e-5
stock103109,0.06823429555966065,0.020796673225986228,-1.4586102963009857,0.001521408921630617
stock103114,-0.008046381483343811,0.8013912536312928,0.5327927009972713,0.230316141291038
stock103116,-0.156927411056726,0.17388914107306894,0.8518978494512326,0.562547725923936
stock103119,-0.039711619688072165,0.2024327953145024,-0.48189915247160475,0.2423842094878178
stock103120,-0.09220013757454282,0.03403211594634217,-0.7589678361016953,0.1575766419848151
stock103126,0.5474334095289283,3.816271134800785e-4,-1.38544937434326,0.32398479103214195
stock103127,0.4016608322725408,0.015034208641414982,-0.8646330581998752,0.6400685011294445
stock103133,0.2671972431054803,0.001237143761754061,-1.0533692643997934,0.20423431919301513
stock103136,-0.057618303155188816,0.6474844576421535,0.3079153896471086,0.8538518372838734
stock103138,-0.01334970462382616,0.26651228001414484,-1.1653428118812703,2.8340381751897685e-5
stock103143,0.2068169600973713,0.027588312740385413,-0.37286042924886753,0.7308268645006442
stock103144,0.017022097356081525,0.06639931547317883,-0.7178598006220173,9.881709021902885e-5
stock103149,-0.21026628274615397,0.001979177036497324,-0.914734618404881,0.19379958256641144
stock103157,0.17894611148462622,5.083160889328433e-7,-0.25883535434575833,0.20490267588571198
stock103163,-0.008113354139103758,0.7438860842250246,-1.497218682196731,0.0011797502005367758
stock103165,-0.3285898555504685,1.4353014367085778e-8,-1.5227383427184624,9.938443390336456e-5
stock103167,0.1841443136544257,0.0010871580424237205,-1.2774631487757453,0.03637199664287412
stock103177,0.25425462064333915,2.6445909263961135e-4,0.2585986722759527,0.6694306043065297
stock103180,0.10506338337858204,5.34934694636889e-5,-0.7138268276542165,0.0053603762468223595
stock103184,-0.2623980424370071,2.2383135652486784e-5,-1.2994058525842034,0.01577850236204905
stock103205,-0.4689261760408758,7.537206960752403e-14,-0.6180230149951523,4.4615058963249186e-5
stock103211,-0.6095797139803375,0.01688852730995828,-1.781798343078106,0.5373380035772445
stock103223,-0.011019667722290282,0.8513426668691775,-0.4277417959544297,0.5881787458543479
stock103225,-0.04591611071849199,0.07568175287671287,-1.6533282762668249,4.2172721286177356e-4
stock103226,-0.20759899893938064,8.361996578005147e-6,-1.2471518451316794,0.0028193187382967704
stock103227,0.3247674903202374,1.8168778174167078e-6,-0.5029580316196897,0.23955784443606576
stock103243,-0.23130722872507317,2.625036526956707e-7,-1.7558226034212479,2.8630454670345948e-5
stock103246,-0.23184544690897776,6.622256454784478e-7,-1.5969579445872462,1.3936896607793755e-4
stock103254,-0.06319276143203896,2.8567003971873367e-5,-0.8520247337568441,2.614826826002923e-5
stock103257,-0.11478310982766465,4.0013428703684353e-4,-1.3625332870799165,8.941202088054405e-4
stock103260,0.7990271061098184,4.452914642100863e-8,-0.8551023684300981,0.2132686188150795
stock103262,-0.0073518286038937635,0.7208532136467486,-0.24447541964310285,0.3817646105185305
stock103266,-0.7310489540619136,5.6507559804044725e-14,-0.5015461712984591,0.003430378621908539
stock103268,-0.08475972572284078,0.25303521725727257,-2.612156699439696,0.01996206030712598
stock103313,0.04177935459953526,0.2868803188774004,-1.6228627742474229,0.009261538247096404
stock103318,0.1397522840391614,4.2151863362078144e-7,-0.6053612171620278,0.0023651900013589183
stock103327,0.3464621477173683,0.08609036830814065,1.2675741770610713,0.6097735510460326
stock103328,0.030379353208889105,0.12174148463463433,-1.035213064880797,0.0018074583506730239
stock103338,0.09427720947768929,6.837323087472563e-4,-0.2547591556975037,0.3321720369669686
stock103342,0.28460999657718,2.5044807842930987e-5,0.428462007679481,0.3969561006546999
stock103350,-0.10061790309539562,5.135976996996029e-4,-1.3033215551747528,6.279470179359405e-4
stock103356,-0.029450185750397897,0.2834364656863336,-0.9121649531285542,0.026485061013299324
stock103357,0.016687796310272274,0.3568017497291379,-1.0507463306184404,0.0013155475350602429
stock103367,0.07233836975064749,0.0021026034458828833,-0.4378672600940267,0.08496616510542686
stock103374,-0.09447918269691559,1.683393787770133e-4,-1.412156450987291,7.097280324949595e-5
stock103376,0.29695533736568586,2.5757235936895746e-4,0.2212751603753586,0.7530032656293953
stock103382,0.13381413060908742,0.001809047530046428,-0.6836760238235313,0.1287065640627525
stock103389,0.006217138703702699,0.4744805958401024,-0.10066314428521578,0.3883729768547731
stock103394,-0.08066437122264944,1.226659525467912e-4,0.04962195770986257,0.7738720213779446
stock103395,0.1449466365697953,0.009917661398205378,-0.2074419390716765,0.7348423768222374
stock103398,-0.18857323974647078,7.72473656930394e-4,-2.0119920437262713,0.003229851768749138
stock103401,0.2837904882861827,2.5466176212389e-4,-0.18389283478503038,0.7838778674409975
stock103404,0.06608266550367281,0.0026801423008973864,-0.7159484751832988,0.008788756322104907
stock103425,0.04183571410527638,0.2943239089492537,-1.5284814356022758,0.013764868146597444
stock103431,-0.17176885288872645,0.0149371424482886,0.3542219023599874,0.6535906643819133
stock103438,0.2331692882318057,4.4339057629493326e-4,-0.009779355054275244,0.9868627222520235
stock103439,-0.01938909538524127,0.2889320725266982,-1.0126121978583986,0.0016859714710507885
stock103449,0.29637846915656485,1.7494435301866922e-5,0.0938329763485972,0.8492573777469773
stock103455,0.15151480466870712,0.3215631372728432,2.40684095691913,0.24294531932276173
stock103459,0.1784398355503691,4.366237158001745e-7,-1.3977434880027362,3.5655005227055717e-5
stock103466,-0.39563447106157484,1.3970515188334381e-9,-1.533775104439068,5.171503912082547e-5
stock103468,0.14991083604794772,3.9971778031295966e-6,-0.7314111263786182,0.0056525641913658
stock103469,0.35899137132299186,1.5958251193666587e-5,-0.11919668444252418,0.840234299675932
stock103482,0.0632684009530807,0.050539832989837725,-0.318270900361586,0.4168426863403695
stock103488,-0.06842089451275019,0.004210496509050958,-1.0515952812195244,0.001767383431071379
stock103490,0.29373557073869894,1.0295543590493578e-4,-0.054518084738957286,0.9291520115867005
stock103496,0.012912771968847011,0.7844027119478875,-0.727398451032722,0.26414299038104666
stock103497,-0.08019046342057329,8.985208317972147e-5,-0.5372745592768698,0.00838680408550724
stock103498,-0.18588043829835427,4.571170837380652e-7,-1.7215770060427245,9.70550902958299e-6
stock103499,0.2481127770102721,0.03409597473475083,-0.19216985382197233,0.8879237895842431
stock103505,-1.1791523089787315,0.012506413607486817,-10.602195057094443,0.06537083723249258
stock103506,0.10954640615795236,4.1388304818362856e-5,-0.6044369299385803,0.01359631355720356
stock103508,-0.13321776797340482,1.632439301712223e-4,-2.212524441081141,3.016831454967885e-5
stock103510,0.006449186458452861,0.9223353973745998,-0.6948634371419852,0.4387368415258097
stock103524,-0.05573240484575794,0.005941438826892548,-0.5614923954316449,0.024227999091234964
stock103526,-0.062386298577719684,0.3506359707104705,-0.067879782527984725,0.9377322542807153
stock103529,0.27923553792018285,4.679400238084618e-4,-0.007494851497119386,0.9916564898089797
stock103530,-0.01838564930273441,0.9444475915183956,0.04914362879066605,0.9888534494588799
stock103532,-0.1917834164569501,5.458325810225011e-7,-0.8964813999755726,0.0017712359559633529
stock103538,0.08142998656758245,0.06128693005183038,0.8087564298125249,0.1458363081938593
stock103539,0.06226279757086135,0.14819535877088466,-0.6668582526956326,0.2357796183170905
stock103552,-0.061889456539671414,4.691150909863962e-6,-0.3432429512529864,0.002990937308346968
stock103554,-0.24799295210680042,2.5183691985474465e-6,-0.5889744403913528,0.09616099726294858
stock103559,0.05198197023625191,0.17906128728305817,-1.7202739895525776,0.005601086340016677
stock103566,0.2563610153777646,8.734434444911323e-6,-0.7046259582632459,0.09733567783402469
stock103568,-0.3876741721930435,4.7386842372843755e-8,-0.05360702138428564,0.8673634163644355
stock103569,-0.021086731323462914,0.775645033109774,-0.5892820790205616,0.5534254379757713
stock103572,0.09008372136892846,0.0022135546214763257,-0.7339563070389168,0.029529306150902816
stock103574,-0.13231059456212949,1.3932112016653522e-7,-0.5917879751231233,8.351196100606196e-4
stock103580,0.1441698176401461,1.2341989923941963e-4,-1.7809499214395377,2.1770344814413093e-4
stock103581,-0,NaN,-0,NaN
stock103586,-0.014281608274752694,0.16774000523189536,-0.7936568993386585,1.4900253111455112e-4
stock103587,0.17086908330140008,0.0033818179285366587,-0.9522945593427979,0.1335848027770852
stock103588,0.03204595643910862,0.442832021195371,0.20504165096536142,0.7090440354816557
stock103589,-0.04739783571225297,0.4889584610102532,-1.149650913089448,0.22187431765508622
stock103590,0.1803522978850523,0.009885481844300182,1.1419476589735242,0.1563439454559754
stock103591,0.1638078213584138,0.014067696085540971,-0.9383813649223209,0.22422292712342648
stock103595,0.18774507883830321,0.0010115500947654298,-0.7823677015443457,0.16999277474304192
stock103597,-0.14443436412897806,2.40265616583043e-6,-0.7238640559639945,0.0033941076074844303
stock103605,-0.5511572022244654,3.47761482742656e-8,-0.1947107136936744,0.6600040786543795
stock103609,0.14347348808720842,0.00308977588184791,-0.6182355442544923,0.22784317592904826
